Model,Metric,Optimizer,User_based,k,RMSE,MAE,MSE,Precision,Recall,Accuracy,DataSet
KNNBasic,cosine,sgd,True,5,0.7546271457100764,0.4203716121081999,0.5694621290425369,0.15384615384615385,0.11805749805749807,66.28352490421456,upsampled_df_smote_auto
KNNBasic,cosine,sgd,True,10,0.693999472477645,0.3609473125804761,0.4816352677992496,0.16666666666666666,0.12008269508269508,71.26436781609196,upsampled_df_smote_auto
KNNBasic,cosine,als,True,5,0.8254720689219901,0.48758628056610964,0.6814041365703508,0.16169154228855723,0.11406255436106182,62.83524904214559,upsampled_df_smote_auto
KNNBasic,cosine,als,True,10,0.7654896202523692,0.4223144307706781,0.5859743587141165,0.12903225806451613,0.07990271377368152,66.66666666666666,upsampled_df_smote_auto
KNNBasic,cosine,sgd,False,5,0.8994989168178148,0.5133118903572734,0.809098301356422,0.12630208333333331,0.07912790334665334,64.36781609195403,upsampled_df_smote_auto
KNNBasic,cosine,sgd,False,10,0.757104103346276,0.42452428529137937,0.5732066233037685,0.14839901477832512,0.10559038662486939,65.90038314176245,upsampled_df_smote_auto
KNNBasic,cosine,als,False,5,0.8636083759033323,0.49941580453373036,0.7458194269303913,0.13636363636363635,0.0909485642105963,62.45210727969349,upsampled_df_smote_auto
KNNBasic,cosine,als,False,10,0.6906086379735364,0.36213600873678226,0.4769402908436632,0.20166666666666663,0.1407017543859649,70.49808429118774,upsampled_df_smote_auto
KNNBasic,msd,sgd,True,5,0.8784075001878004,0.513295952200018,0.7715997363861807,0.11640211640211641,0.08141364808031475,61.30268199233716,upsampled_df_smote_auto
KNNBasic,msd,sgd,True,10,0.7130303456761876,0.3883496167071485,0.5084122738551037,0.15517241379310345,0.10481663929939791,68.19923371647509,upsampled_df_smote_auto
KNNBasic,msd,als,True,5,0.8021233568549921,0.45070543071931185,0.6434018796123211,0.13671875,0.09264322916666667,65.90038314176245,upsampled_df_smote_auto
KNNBasic,msd,als,True,10,0.7866821916311257,0.4400143144992981,0.6188688706295512,0.14907407407407408,0.10561383061383062,66.28352490421456,upsampled_df_smote_auto
KNNBasic,msd,sgd,False,5,0.7915266298484619,0.42284017674931035,0.6265144057592641,0.11666666666666667,0.07773148148148148,67.04980842911877,upsampled_df_smote_auto
KNNBasic,msd,sgd,False,10,0.760309895771298,0.4263642259535318,0.5780711376077621,0.1586021505376344,0.10834555229716519,66.66666666666666,upsampled_df_smote_auto
KNNBasic,msd,als,False,5,0.7633375244876349,0.4354158440346599,0.5826841762909106,0.125,0.07099844599844601,64.75095785440614,upsampled_df_smote_auto
KNNBasic,msd,als,False,10,0.8140372960489036,0.45929533478638734,0.6626567193586104,0.12903225806451613,0.09789426523297491,65.90038314176245,upsampled_df_smote_auto
KNNBasic,pearson,sgd,True,5,0.8723995867411615,0.5220663044281801,0.7610810389461493,0.1484375,0.09148091491841492,60.15325670498084,upsampled_df_smote_auto
KNNBasic,pearson,sgd,True,10,0.8045617734796534,0.4421205787391708,0.6473196473447251,0.14480874316939893,0.08450429352068697,67.43295019157088,upsampled_df_smote_auto
KNNBasic,pearson,als,True,5,0.8178710658166092,0.4435785409455061,0.6689130802999962,0.15873015873015872,0.10128495842781558,68.19923371647509,upsampled_df_smote_auto
KNNBasic,pearson,als,True,10,0.7992791209395201,0.43541247856167026,0.638847113169852,0.1120689655172414,0.08429035045414356,67.43295019157088,upsampled_df_smote_auto
KNNBasic,pearson,sgd,False,5,0.8196653736684871,0.4762597341260761,0.6718513247911007,0.138671875,0.08944900075414781,63.601532567049816,upsampled_df_smote_auto
KNNBasic,pearson,sgd,False,10,0.8301717985214241,0.4654461890977777,0.689185215060296,0.1385964912280702,0.10881905618747723,65.13409961685824,upsampled_df_smote_auto
KNNBasic,pearson,als,False,5,0.76653494202056,0.4263520355350304,0.5875758173384633,0.15873015873015872,0.09964726631393298,66.66666666666666,upsampled_df_smote_auto
KNNBasic,pearson,als,False,10,0.7356243272619675,0.4007700736016079,0.5411431508596223,0.18238993710691823,0.1292763839933651,67.43295019157088,upsampled_df_smote_auto
KNNBasic,pearson_baseline,sgd,True,5,0.7765615014186221,0.40662769952172323,0.6030477654855446,0.15151515151515152,0.08746993746993748,68.96551724137932,upsampled_df_smote_auto
KNNBasic,pearson_baseline,sgd,True,10,0.691981984974563,0.3798019931146059,0.47883906752933625,0.18128654970760233,0.1431888544891641,68.19923371647509,upsampled_df_smote_auto
KNNBasic,pearson_baseline,als,True,5,0.8961360149260814,0.5190729376784058,0.803059757247598,0.13970588235294118,0.10101638557520912,63.601532567049816,upsampled_df_smote_auto
KNNBasic,pearson_baseline,als,True,10,0.7544298733103147,0.400146208792858,0.5691644337430175,0.15343915343915343,0.11339709673043005,68.96551724137932,upsampled_df_smote_auto
KNNBasic,pearson_baseline,sgd,False,5,0.7674666920680754,0.4285990071577048,0.5890051234339141,0.16727272727272727,0.09208579299488391,66.66666666666666,upsampled_df_smote_auto
KNNBasic,pearson_baseline,sgd,False,10,0.8315245045322102,0.4690134472493099,0.6914330016375375,0.12307692307692308,0.07781513358436436,65.13409961685824,upsampled_df_smote_auto
KNNBasic,pearson_baseline,als,False,5,0.7218197732782798,0.3888437618830154,0.5210237850955073,0.19345238095238096,0.1608984502892066,68.96551724137932,upsampled_df_smote_auto
KNNBasic,pearson_baseline,als,False,10,0.8482082312888901,0.4896511524858769,0.7194572036262273,0.14444444444444443,0.10346153846153847,63.2183908045977,upsampled_df_smote_auto
KNNWithMeans,cosine,sgd,True,5,0.8223689324240356,0.4726862651394399,0.676290661016248,0.13163841807909604,0.11404823989569753,66.66666666666666,upsampled_df_smote_auto
KNNWithMeans,cosine,sgd,True,10,0.7826453222793945,0.41737334032841455,0.6125337004858173,0.22511709601873536,0.18653750620963735,70.49808429118774,upsampled_df_smote_auto
KNNWithMeans,cosine,als,True,5,0.7697953510826696,0.4355121728794143,0.5925848825484906,0.23195084485407066,0.19276433691756273,67.43295019157088,upsampled_df_smote_auto
KNNWithMeans,cosine,als,True,10,0.7617577480965761,0.4338496107910557,0.5802748667851667,0.18839285714285717,0.14735299422799425,66.66666666666666,upsampled_df_smote_auto
KNNWithMeans,cosine,sgd,False,5,0.728847126371874,0.40047948089916,0.5312181336205384,0.20438842203548085,0.17383878877686926,67.81609195402298,upsampled_df_smote_auto
KNNWithMeans,cosine,sgd,False,10,0.7879717992175489,0.4468883647039516,0.6208995563621412,0.15570175438596492,0.11362273204378467,65.51724137931035,upsampled_df_smote_auto
KNNWithMeans,cosine,als,False,5,0.8250636325689513,0.4583235478840446,0.6807299977878736,0.14636015325670498,0.10689655172413792,65.90038314176245,upsampled_df_smote_auto
KNNWithMeans,cosine,als,False,10,0.8665108022267227,0.4997447969413442,0.7508409703755986,0.19401709401709402,0.154493006993007,63.984674329501914,upsampled_df_smote_auto
KNNWithMeans,msd,sgd,True,5,0.8122680661103504,0.46434584477794605,0.6597794112226485,0.22663139329805995,0.19535300090855645,65.51724137931035,upsampled_df_smote_auto
KNNWithMeans,msd,sgd,True,10,0.778322307548517,0.4320083786621029,0.6057856144276481,0.2303030303030303,0.1793939393939394,68.19923371647509,upsampled_df_smote_auto
KNNWithMeans,msd,als,True,5,0.8209559238401894,0.5121396409319332,0.673968628888299,0.21386800334168754,0.17566137566137566,58.23754789272031,upsampled_df_smote_auto
KNNWithMeans,msd,als,True,10,0.8427785947339027,0.4441190883567675,0.7102757597416519,0.2403225806451613,0.1692652329749104,69.34865900383141,upsampled_df_smote_auto
KNNWithMeans,msd,sgd,False,5,0.8134928502540477,0.4620013710418143,0.6617706174144545,0.14583333333333331,0.11542950513538748,65.51724137931035,upsampled_df_smote_auto
KNNWithMeans,msd,sgd,False,10,0.9390639034346248,0.5503836941674008,0.8818410147338742,0.15226337448559668,0.11887926887926888,63.2183908045977,upsampled_df_smote_auto
KNNWithMeans,msd,als,False,5,0.7464722568749277,0.4100865159506743,0.557220830283948,0.18452380952380953,0.1613858363858364,69.34865900383141,upsampled_df_smote_auto
KNNWithMeans,msd,als,False,10,0.7588102511811768,0.43162410613738517,0.5757929972976408,0.23076923076923078,0.18344322344322345,65.90038314176245,upsampled_df_smote_auto
KNNWithMeans,pearson,sgd,True,5,0.8207242448893487,0.5010186938876717,0.6735882861491916,0.15456989247311825,0.11005258182677537,62.83524904214559,upsampled_df_smote_auto
KNNWithMeans,pearson,sgd,True,10,0.8165268507044721,0.481021239934319,0.6667160979213632,0.17684729064039406,0.13298937652385928,62.83524904214559,upsampled_df_smote_auto
KNNWithMeans,pearson,als,True,5,0.8924972988223324,0.5221334342389886,0.7965514284051597,0.14067796610169492,0.12446498887176854,62.45210727969349,upsampled_df_smote_auto
KNNWithMeans,pearson,als,True,10,0.6997350020156912,0.3703220706849817,0.4896290730458993,0.17592592592592593,0.1342627960275019,70.49808429118774,upsampled_df_smote_auto
KNNWithMeans,pearson,sgd,False,5,0.7458938277987975,0.41591288549496136,0.5563576023483422,0.1867924528301887,0.14356555394291243,67.04980842911877,upsampled_df_smote_auto
KNNWithMeans,pearson,sgd,False,10,0.7871071545651632,0.4211201567423091,0.6195376727676677,0.1864406779661017,0.14382566585956416,71.64750957854406,upsampled_df_smote_auto
KNNWithMeans,pearson,als,False,5,0.8038833769063051,0.46047970607206745,0.6462284836662845,0.22748538011695907,0.20344846072400252,64.36781609195403,upsampled_df_smote_auto
KNNWithMeans,pearson,als,False,10,0.8452421454133597,0.48327196210141693,0.7144342843829792,0.18948412698412698,0.14813579277864994,63.984674329501914,upsampled_df_smote_auto
KNNWithMeans,pearson_baseline,sgd,True,5,0.8329136343030633,0.4555689574533304,0.693745122207937,0.26904761904761904,0.22031539888682744,67.04980842911877,upsampled_df_smote_auto
KNNWithMeans,pearson_baseline,sgd,True,10,0.8297171177071304,0.481013808635733,0.688430495416228,0.14682539682539683,0.11383928571428571,64.75095785440614,upsampled_df_smote_auto
KNNWithMeans,pearson_baseline,als,True,5,0.8282362128602154,0.47265026373555324,0.6859752242930321,0.26721311475409837,0.2238680718188915,66.66666666666666,upsampled_df_smote_auto
KNNWithMeans,pearson_baseline,als,True,10,0.8001770476990194,0.46685094593079957,0.6402833076643187,0.16612021857923495,0.14472467423287097,64.75095785440614,upsampled_df_smote_auto
KNNWithMeans,pearson_baseline,sgd,False,5,0.881701288995137,0.5230223337783586,0.7773971630156862,0.17203219315895374,0.1118300713371136,60.91954022988506,upsampled_df_smote_auto
KNNWithMeans,pearson_baseline,sgd,False,10,0.8480505067418181,0.5015364597767099,0.7191896619850546,0.13802816901408452,0.09255392494829115,62.83524904214559,upsampled_df_smote_auto
KNNWithMeans,pearson_baseline,als,False,5,0.7567902252000761,0.4222886408773517,0.5727314449583819,0.20242763772175537,0.15382330088212443,67.43295019157088,upsampled_df_smote_auto
KNNWithMeans,pearson_baseline,als,False,10,0.7940487832477101,0.41902388267569296,0.6305134701771689,0.2375,0.21059027777777778,70.88122605363985,upsampled_df_smote_auto
KNNWithZScore,cosine,sgd,True,5,0.7554016387193815,0.40204856429020613,0.5706316357799269,0.24615384615384617,0.1898695054945055,70.11494252873564,upsampled_df_smote_auto
KNNWithZScore,cosine,sgd,True,10,0.8170675669622507,0.4927138379977493,0.667599408981612,0.1943502824858757,0.12460799419922051,61.30268199233716,upsampled_df_smote_auto
KNNWithZScore,cosine,als,True,5,0.8001068403588486,0.42501370128386645,0.6401709559890201,0.21354166666666666,0.17325498575498577,68.96551724137932,upsampled_df_smote_auto
KNNWithZScore,cosine,als,True,10,0.822557589966907,0.4821246045545357,0.6766009888121663,0.19966583124477863,0.14938419280524542,64.36781609195403,upsampled_df_smote_auto
KNNWithZScore,cosine,sgd,False,5,0.790285075635822,0.4590407695251451,0.6245505007727168,0.19672131147540983,0.15866510538641687,63.984674329501914,upsampled_df_smote_auto
KNNWithZScore,cosine,sgd,False,10,0.8638246209103457,0.4998447374047599,0.7461929756909025,0.1984126984126984,0.14894179894179893,63.601532567049816,upsampled_df_smote_auto
KNNWithZScore,cosine,als,False,5,0.8284493108784166,0.48451977024952636,0.6863282606949234,0.2092013888888889,0.16177884615384616,63.601532567049816,upsampled_df_smote_auto
KNNWithZScore,cosine,als,False,10,0.7497634957026891,0.423539430819859,0.5621452994883163,0.16287878787878787,0.1101010101010101,67.81609195402298,upsampled_df_smote_auto
KNNWithZScore,msd,sgd,True,5,0.8720430892219371,0.5077742479905244,0.7604591494597394,0.16855158730158729,0.12786346436501236,62.06896551724138,upsampled_df_smote_auto
KNNWithZScore,msd,sgd,True,10,0.7484092944531637,0.4133651215028837,0.5601164720238824,0.24107142857142858,0.19179645542427495,67.81609195402298,upsampled_df_smote_auto
KNNWithZScore,msd,als,True,5,0.8542316509476272,0.5330204375763399,0.7297117134807087,0.14009661835748793,0.09654823721319884,58.620689655172406,upsampled_df_smote_auto
KNNWithZScore,msd,als,True,10,0.8195189021359884,0.48769420372713074,0.6716112309581758,0.20625,0.15853174603174605,63.601532567049816,upsampled_df_smote_auto
KNNWithZScore,msd,sgd,False,5,0.7003134450677108,0.39654349381245946,0.4904389213426056,0.2574074074074074,0.21456476530005944,67.43295019157088,upsampled_df_smote_auto
KNNWithZScore,msd,sgd,False,10,0.8123941383762169,0.47660948629334327,0.6599842360680358,0.2017857142857143,0.12751831501831504,63.984674329501914,upsampled_df_smote_auto
KNNWithZScore,msd,als,False,5,0.8650962871945752,0.5088901873814634,0.748391586117839,0.2011661807580175,0.12366842341332138,61.68582375478927,upsampled_df_smote_auto
KNNWithZScore,msd,als,False,10,0.7859352850944331,0.4552948127879862,0.6176942723564679,0.24952919020715633,0.19130163621689045,65.13409961685824,upsampled_df_smote_auto
KNNWithZScore,pearson,sgd,True,5,0.8773755605045617,0.5211761043933609,0.7697878741706937,0.22653061224489796,0.17528011204481792,64.36781609195403,upsampled_df_smote_auto
KNNWithZScore,pearson,sgd,True,10,0.7477528143841692,0.4074376028663673,0.5591342714194458,0.2212962962962963,0.19777777777777777,69.34865900383141,upsampled_df_smote_auto
KNNWithZScore,pearson,als,True,5,0.8665427279842735,0.5055992156957231,0.7508962994224265,0.13333333333333333,0.0929590017825312,62.45210727969349,upsampled_df_smote_auto
KNNWithZScore,pearson,als,True,10,0.7942210330463607,0.4248340809876568,0.6307870493332284,0.1906779661016949,0.1549306625577812,69.34865900383141,upsampled_df_smote_auto
KNNWithZScore,pearson,sgd,False,5,0.8585627289956127,0.4920711394084168,0.7371299596203938,0.1875,0.13931814713064714,63.984674329501914,upsampled_df_smote_auto
KNNWithZScore,pearson,sgd,False,10,0.7780693533449329,0.4118891461620798,0.605391918614602,0.20601092896174864,0.1676114186360088,69.34865900383141,upsampled_df_smote_auto
KNNWithZScore,pearson,als,False,5,0.8267204661307824,0.4981386615242962,0.6834667291194981,0.19322033898305085,0.1372025338127033,62.06896551724138,upsampled_df_smote_auto
KNNWithZScore,pearson,als,False,10,0.8465011299273314,0.5032866127035387,0.7165641629682488,0.16845878136200718,0.1290876027830487,62.45210727969349,upsampled_df_smote_auto
KNNWithZScore,pearson_baseline,sgd,True,5,0.8645983676207399,0.5227781012467808,0.7475303372924482,0.1475,0.13148809523809524,60.15325670498084,upsampled_df_smote_auto
KNNWithZScore,pearson_baseline,sgd,True,10,0.7826147766236342,0.4446206127562756,0.6124858885896609,0.19523809523809524,0.11873840445269015,65.90038314176245,upsampled_df_smote_auto
KNNWithZScore,pearson_baseline,als,True,5,0.7329813257673089,0.43787467287168635,0.5372616239236018,0.20175438596491227,0.13243968507126402,63.984674329501914,upsampled_df_smote_auto
KNNWithZScore,pearson_baseline,als,True,10,0.7726261077564219,0.4054212716962123,0.5969511023868381,0.16558441558441558,0.13816410861865408,69.73180076628353,upsampled_df_smote_auto
KNNWithZScore,pearson_baseline,sgd,False,5,0.7373303392738799,0.40216268484473283,0.5436560292137349,0.15,0.1118347338935574,69.34865900383141,upsampled_df_smote_auto
KNNWithZScore,pearson_baseline,sgd,False,10,0.7736729074587968,0.4176373587198476,0.598569767735748,0.22626262626262628,0.17804417804417805,67.81609195402298,upsampled_df_smote_auto
KNNWithZScore,pearson_baseline,als,False,5,0.8146429984816577,0.4909107388918545,0.6636432149751861,0.17394366197183098,0.14291303375810416,62.83524904214559,upsampled_df_smote_auto
KNNWithZScore,pearson_baseline,als,False,10,0.8174780276009009,0.47023792832996186,0.6682703256102593,0.24714285714285716,0.21498897927469354,66.28352490421456,upsampled_df_smote_auto
KNNBasic,cosine,sgd,True,5,0.5491584090661941,0.2711168664942738,0.30157495824811337,0.7132275132275133,0.6705702166989657,80.94059405940595,upsampled_df_smote_auto_distribution_kept
KNNBasic,cosine,sgd,True,10,0.6139734433378853,0.3022970391514007,0.37696338912417937,0.6310185185185185,0.6352850267565826,77.97029702970298,upsampled_df_smote_auto_distribution_kept
KNNBasic,cosine,als,True,5,0.5655645752998854,0.28827621205378057,0.3198632888341397,0.7345401174168298,0.7526183381166849,77.97029702970298,upsampled_df_smote_auto_distribution_kept
KNNBasic,cosine,als,True,10,0.5036529545670065,0.24874541602280997,0.25366629864407514,0.7733333333333333,0.7536311192181638,80.19801980198021,upsampled_df_smote_auto_distribution_kept
KNNBasic,cosine,sgd,False,5,0.5862106040163981,0.30116635749148285,0.34364287226127027,0.6828282828282828,0.6770876916809933,76.98019801980197,upsampled_df_smote_auto_distribution_kept
KNNBasic,cosine,sgd,False,10,0.6060631131305514,0.30186130055216076,0.3673124970974955,0.7136996336996337,0.693386369833143,78.21782178217822,upsampled_df_smote_auto_distribution_kept
KNNBasic,cosine,als,False,5,0.5062026421591103,0.2548616027547588,0.25624111492886426,0.6868869936034115,0.6905884113268246,79.20792079207921,upsampled_df_smote_auto_distribution_kept
KNNBasic,cosine,als,False,10,0.5205126828142512,0.2517232440474736,0.2709334529704893,0.7100614439324117,0.7063967134462448,81.68316831683168,upsampled_df_smote_auto_distribution_kept
KNNBasic,msd,sgd,True,5,0.4921409338245292,0.2337755227254042,0.24220269874567968,0.6829545454545455,0.6545348319804841,82.17821782178217,upsampled_df_smote_auto_distribution_kept
KNNBasic,msd,sgd,True,10,0.6120061506343106,0.2919697319296524,0.3745515284142265,0.7303174603174603,0.7238832489517547,81.1881188118812,upsampled_df_smote_auto_distribution_kept
KNNBasic,msd,als,True,5,0.5255279027540283,0.256098280941447,0.27617957657304737,0.6194444444444446,0.6172160714315474,80.44554455445545,upsampled_df_smote_auto_distribution_kept
KNNBasic,msd,als,True,10,0.5372154353558909,0.2720970832026223,0.28860042398461944,0.7028985507246377,0.7229755538579068,79.45544554455446,upsampled_df_smote_auto_distribution_kept
KNNBasic,msd,sgd,False,5,0.5513780451891711,0.2869215210815711,0.30401774871663156,0.7350198412698413,0.7305991173178673,78.21782178217822,upsampled_df_smote_auto_distribution_kept
KNNBasic,msd,sgd,False,10,0.5593686659758769,0.2788589407475018,0.31289330447563213,0.6299019607843137,0.6273136476047564,78.46534653465346,upsampled_df_smote_auto_distribution_kept
KNNBasic,msd,als,False,5,0.6094499231337962,0.3160235457074179,0.37142920880779007,0.6648148148148149,0.6752132347605139,76.48514851485149,upsampled_df_smote_auto_distribution_kept
KNNBasic,msd,als,False,10,0.5530838111517015,0.2678306999269605,0.305901702158091,0.6845959595959596,0.6908819474942663,80.94059405940595,upsampled_df_smote_auto_distribution_kept
KNNBasic,pearson,sgd,True,5,0.5812992002262128,0.30528190659274757,0.33790876018363475,0.7340182648401827,0.7231059148867369,76.73267326732673,upsampled_df_smote_auto_distribution_kept
KNNBasic,pearson,sgd,True,10,0.5654653777513351,0.28683061134076515,0.31975109343546004,0.7285303776683087,0.7167165365554657,77.72277227722772,upsampled_df_smote_auto_distribution_kept
KNNBasic,pearson,als,True,5,0.5372976587875005,0.28075588138189783,0.2886887741385293,0.6752450980392157,0.6744586594556506,76.23762376237624,upsampled_df_smote_auto_distribution_kept
KNNBasic,pearson,als,True,10,0.5869958618084758,0.29713495932433975,0.3445641417802752,0.578003663003663,0.5776894178644079,77.97029702970298,upsampled_df_smote_auto_distribution_kept
KNNBasic,pearson,sgd,False,5,0.5693530864062089,0.2732339577150162,0.32416293700027593,0.6664062499999999,0.6734006228146854,79.95049504950495,upsampled_df_smote_auto_distribution_kept
KNNBasic,pearson,sgd,False,10,0.5306805838305131,0.2688480957048578,0.28162188205469424,0.6558673469387755,0.6247696747696748,79.70297029702971,upsampled_df_smote_auto_distribution_kept
KNNBasic,pearson,als,False,5,0.47940365293017145,0.25003452949399024,0.2298278624427923,0.6689324116743471,0.6473839253725402,80.19801980198021,upsampled_df_smote_auto_distribution_kept
KNNBasic,pearson,als,False,10,0.5470713399335823,0.26381322298736115,0.2992870509767251,0.7190476190476189,0.7247035372035372,80.94059405940595,upsampled_df_smote_auto_distribution_kept
KNNBasic,pearson_baseline,sgd,True,5,0.5163559852569822,0.2648185179292152,0.2666235035107089,0.6338383838383838,0.6176481726169784,79.45544554455446,upsampled_df_smote_auto_distribution_kept
KNNBasic,pearson_baseline,sgd,True,10,0.5512759995626447,0.293439712933487,0.3039052276937931,0.6567640692640692,0.6692757998105324,75.24752475247524,upsampled_df_smote_auto_distribution_kept
KNNBasic,pearson_baseline,als,True,5,0.571706322892473,0.280282476435578,0.3268481196352326,0.609055425448868,0.5807252545173166,77.97029702970298,upsampled_df_smote_auto_distribution_kept
KNNBasic,pearson_baseline,als,True,10,0.5726043383108441,0.2741171761095105,0.3278757282523996,0.7064498933901918,0.6814735418225322,80.6930693069307,upsampled_df_smote_auto_distribution_kept
KNNBasic,pearson_baseline,sgd,False,5,0.5891006410658641,0.3037715083249805,0.3470395653042121,0.666431924882629,0.6563624127339063,76.23762376237624,upsampled_df_smote_auto_distribution_kept
KNNBasic,pearson_baseline,sgd,False,10,0.6132220592427728,0.3211943936608929,0.37604129394194685,0.694871794871795,0.6883151570651571,77.22772277227723,upsampled_df_smote_auto_distribution_kept
KNNBasic,pearson_baseline,als,False,5,0.5411637799899965,0.2757087243355671,0.29285823677306133,0.7313371813371814,0.7371713752014469,80.19801980198021,upsampled_df_smote_auto_distribution_kept
KNNBasic,pearson_baseline,als,False,10,0.5902714223362097,0.2880731625890623,0.348420352026812,0.6169184981684983,0.6063842674419597,78.71287128712872,upsampled_df_smote_auto_distribution_kept
KNNWithMeans,cosine,sgd,True,5,0.5729338370467856,0.29280359579199156,0.32825318163315265,0.655281690140845,0.6245862146056415,78.21782178217822,upsampled_df_smote_auto_distribution_kept
KNNWithMeans,cosine,sgd,True,10,0.5613804711453648,0.2661641216167632,0.31514803338339176,0.6551959325396826,0.630520657175069,82.42574257425743,upsampled_df_smote_auto_distribution_kept
KNNWithMeans,cosine,als,True,5,0.6013608796787118,0.29418970298173663,0.3616349076079541,0.7045572916666667,0.6857827787618084,79.95049504950495,upsampled_df_smote_auto_distribution_kept
KNNWithMeans,cosine,als,True,10,0.5108097041994033,0.2484095771738086,0.2609265539042819,0.6481481481481481,0.6149687821256449,81.43564356435643,upsampled_df_smote_auto_distribution_kept
KNNWithMeans,cosine,sgd,False,5,0.488673733674486,0.24445267079252786,0.2388020179833625,0.6523076923076923,0.6239653649698628,81.68316831683168,upsampled_df_smote_auto_distribution_kept
KNNWithMeans,cosine,sgd,False,10,0.44908712068744094,0.24527389905378347,0.20167924196733614,0.6396537842190015,0.6406283117280559,79.95049504950495,upsampled_df_smote_auto_distribution_kept
KNNWithMeans,cosine,als,False,5,0.5477562387143378,0.2792573923643681,0.3000368970504786,0.6373504273504274,0.62705745235157,79.20792079207921,upsampled_df_smote_auto_distribution_kept
KNNWithMeans,cosine,als,False,10,0.6367816160380404,0.31075615880803426,0.40549082652401836,0.6220424107142857,0.6078151519179744,75.4950495049505,upsampled_df_smote_auto_distribution_kept
KNNWithMeans,msd,sgd,True,5,0.5979455948831793,0.317348570615505,0.35753893444019924,0.6651826484018265,0.6575187401791123,76.73267326732673,upsampled_df_smote_auto_distribution_kept
KNNWithMeans,msd,sgd,True,10,0.5909101469525501,0.30533078973879735,0.3491748017714843,0.6321056547619048,0.6274654781919421,77.47524752475248,upsampled_df_smote_auto_distribution_kept
KNNWithMeans,msd,als,True,5,0.5405502133685127,0.28102862796972655,0.2921945331727446,0.6390410958904109,0.6189022038337108,78.71287128712872,upsampled_df_smote_auto_distribution_kept
KNNWithMeans,msd,als,True,10,0.5283645818933874,0.27318569023572,0.27916913139937405,0.650563236047107,0.6498775368606545,77.22772277227723,upsampled_df_smote_auto_distribution_kept
KNNWithMeans,msd,sgd,False,5,0.5735827815000858,0.2880023075939574,0.3289972072333751,0.678049289891395,0.6674330657302794,79.45544554455446,upsampled_df_smote_auto_distribution_kept
KNNWithMeans,msd,sgd,False,10,0.5669939392821102,0.3112378042092221,0.3214821271826453,0.6978174603174604,0.6780533778508717,75.74257425742574,upsampled_df_smote_auto_distribution_kept
KNNWithMeans,msd,als,False,5,0.5965715121451949,0.29754152284933794,0.3558975691032044,0.6203703703703705,0.6157786168868863,76.48514851485149,upsampled_df_smote_auto_distribution_kept
KNNWithMeans,msd,als,False,10,0.5618558037788444,0.272742246569949,0.3156819442399712,0.6871100164203613,0.686444090234255,81.1881188118812,upsampled_df_smote_auto_distribution_kept
KNNWithMeans,pearson,sgd,True,5,0.5808675594573889,0.29485573927951503,0.33740712162998326,0.6424863387978141,0.6510933857067143,78.21782178217822,upsampled_df_smote_auto_distribution_kept
KNNWithMeans,pearson,sgd,True,10,0.5787196212126641,0.29302243444423637,0.33491639997652933,0.7272141706924315,0.7061000431160197,79.70297029702971,upsampled_df_smote_auto_distribution_kept
KNNWithMeans,pearson,als,True,5,0.6174038255875481,0.29902637758757356,0.3811874838501396,0.6403225806451613,0.6064558886175295,78.46534653465346,upsampled_df_smote_auto_distribution_kept
KNNWithMeans,pearson,als,True,10,0.5411324490889742,0.26090368338038683,0.2928243274570312,0.5966666666666667,0.5778719240955734,81.93069306930693,upsampled_df_smote_auto_distribution_kept
KNNWithMeans,pearson,sgd,False,5,0.5699399479133541,0.29027274864668084,0.32483154422747684,0.7121693121693122,0.682899955717416,78.96039603960396,upsampled_df_smote_auto_distribution_kept
KNNWithMeans,pearson,sgd,False,10,0.5152596908402013,0.24475194461677763,0.26549254900473984,0.673673469387755,0.6519559936030273,84.65346534653465,upsampled_df_smote_auto_distribution_kept
KNNWithMeans,pearson,als,False,5,0.5560490452425574,0.27894937163100986,0.30919054071515967,0.624056603773585,0.5960641339820884,78.96039603960396,upsampled_df_smote_auto_distribution_kept
KNNWithMeans,pearson,als,False,10,0.5692580561854083,0.2759961696007573,0.32405473453198946,0.6331719128329298,0.6137612510309637,79.20792079207921,upsampled_df_smote_auto_distribution_kept
KNNWithMeans,pearson_baseline,sgd,True,5,0.5704015046302647,0.2960145737498412,0.3253578764844699,0.6513922518159807,0.6303849517042319,77.97029702970298,upsampled_df_smote_auto_distribution_kept
KNNWithMeans,pearson_baseline,sgd,True,10,0.5178670035432954,0.26927846946334333,0.26818623335891156,0.7065860215053763,0.6848393384895931,77.72277227722772,upsampled_df_smote_auto_distribution_kept
KNNWithMeans,pearson_baseline,als,True,5,0.5107855009939626,0.2607936155471966,0.26090182802565337,0.6499829931972789,0.6205143726656079,79.20792079207921,upsampled_df_smote_auto_distribution_kept
KNNWithMeans,pearson_baseline,als,True,10,0.5465258579161091,0.28435569565783025,0.2986905133709391,0.6891129032258064,0.6556538724932314,78.21782178217822,upsampled_df_smote_auto_distribution_kept
KNNWithMeans,pearson_baseline,sgd,False,5,0.5460412307353422,0.2616785908095501,0.29816102566296715,0.7217213114754099,0.6913097695039058,81.1881188118812,upsampled_df_smote_auto_distribution_kept
KNNWithMeans,pearson_baseline,sgd,False,10,0.5874814279542467,0.3174575445922715,0.34513442819116075,0.6442340067340068,0.6203715732297699,76.73267326732673,upsampled_df_smote_auto_distribution_kept
KNNWithMeans,pearson_baseline,als,False,5,0.5293102811210926,0.2628525953222624,0.28016937370049,0.5888034188034189,0.5757051282051282,79.70297029702971,upsampled_df_smote_auto_distribution_kept
KNNWithMeans,pearson_baseline,als,False,10,0.5124467573016565,0.2432605433211259,0.26260167906898274,0.6065720808871494,0.5984610960306939,82.92079207920791,upsampled_df_smote_auto_distribution_kept
KNNWithZScore,cosine,sgd,True,5,0.5526206330054351,0.2994162996062788,0.3053895640233278,0.6572454844006568,0.6343516027487959,75.4950495049505,upsampled_df_smote_auto_distribution_kept
KNNWithZScore,cosine,sgd,True,10,0.4811303369601392,0.248573377967865,0.2314864011433771,0.6685960591133006,0.629898193259595,80.19801980198021,upsampled_df_smote_auto_distribution_kept
KNNWithZScore,cosine,als,True,5,0.5095723214324619,0.24441719033841153,0.2596639507700682,0.6026077097505669,0.5728877970941463,80.44554455445545,upsampled_df_smote_auto_distribution_kept
KNNWithZScore,cosine,als,True,10,0.5083700639486823,0.25433841853428724,0.25844012191918736,0.6845238095238096,0.689330245912225,79.95049504950495,upsampled_df_smote_auto_distribution_kept
KNNWithZScore,cosine,sgd,False,5,0.5559998255996585,0.28474919822390404,0.3091358060668507,0.6284188034188035,0.627383083904823,77.72277227722772,upsampled_df_smote_auto_distribution_kept
KNNWithZScore,cosine,sgd,False,10,0.5641604365907307,0.28603485186717403,0.3182769982142439,0.6497311827956989,0.6469633977523178,76.98019801980197,upsampled_df_smote_auto_distribution_kept
KNNWithZScore,cosine,als,False,5,0.5888987459453638,0.3163421681281667,0.3468017329760221,0.6981179138321996,0.7188224141449948,74.5049504950495,upsampled_df_smote_auto_distribution_kept
KNNWithZScore,cosine,als,False,10,0.6235908442751773,0.31929049842027935,0.3888655410638284,0.7232804232804233,0.6988596971355592,78.21782178217822,upsampled_df_smote_auto_distribution_kept
KNNWithZScore,msd,sgd,True,5,0.45775368485623363,0.23803890510241113,0.20953843599946007,0.6479744136460553,0.6325602185775006,81.1881188118812,upsampled_df_smote_auto_distribution_kept
KNNWithZScore,msd,sgd,True,10,0.5897410037799531,0.27129160882980513,0.34779445153938665,0.6191993464052288,0.59477218687745,80.19801980198021,upsampled_df_smote_auto_distribution_kept
KNNWithZScore,msd,als,True,5,0.5564448885577427,0.2834621722798172,0.3096309140020386,0.6671052631578949,0.640048325689058,78.21782178217822,upsampled_df_smote_auto_distribution_kept
KNNWithZScore,msd,als,True,10,0.5354442977439697,0.25526613229678846,0.2867005959865329,0.6471774193548387,0.6168644927092676,81.1881188118812,upsampled_df_smote_auto_distribution_kept
KNNWithZScore,msd,sgd,False,5,0.5594428034158543,0.30498359902585875,0.3129762502937902,0.6814814814814816,0.64424187559199,75.74257425742574,upsampled_df_smote_auto_distribution_kept
KNNWithZScore,msd,sgd,False,10,0.5471648170185038,0.2837173009453986,0.2993893369828928,0.7189890710382514,0.7124044202877375,77.97029702970298,upsampled_df_smote_auto_distribution_kept
KNNWithZScore,msd,als,False,5,0.535128897872092,0.25926392218567607,0.28636293733779977,0.6768229166666666,0.6684467110707919,81.43564356435643,upsampled_df_smote_auto_distribution_kept
KNNWithZScore,msd,als,False,10,0.6235919070019141,0.3157597022666555,0.38886686647828395,0.6582757296466973,0.6689714343426509,77.97029702970298,upsampled_df_smote_auto_distribution_kept
KNNWithZScore,pearson,sgd,True,5,0.5522070953432898,0.28151265694246275,0.30493267614747316,0.6758706467661691,0.6597172007457537,80.94059405940595,upsampled_df_smote_auto_distribution_kept
KNNWithZScore,pearson,sgd,True,10,0.6488675062939125,0.3408553230694786,0.4210290407240807,0.5882629107981221,0.5687798287308391,74.75247524752476,upsampled_df_smote_auto_distribution_kept
KNNWithZScore,pearson,als,True,5,0.6019661625417616,0.2959538635429881,0.3623632608452546,0.7009070294784581,0.6742153533752095,78.46534653465346,upsampled_df_smote_auto_distribution_kept
KNNWithZScore,pearson,als,True,10,0.5883199488959282,0.30155392344387577,0.34612036226890763,0.7280062530062531,0.7488261804649364,77.97029702970298,upsampled_df_smote_auto_distribution_kept
KNNWithZScore,pearson,sgd,False,5,0.5703738953102593,0.27582725872174585,0.32532638045139867,0.6849462365591398,0.6669480639864399,79.45544554455446,upsampled_df_smote_auto_distribution_kept
KNNWithZScore,pearson,sgd,False,10,0.6286247625773114,0.3112516473500738,0.39516909212538115,0.6781462585034014,0.6650727247420707,77.47524752475248,upsampled_df_smote_auto_distribution_kept
KNNWithZScore,pearson,als,False,5,0.5858946814868213,0.2773411638385157,0.3432725777945438,0.618140589569161,0.6019070945762676,80.19801980198021,upsampled_df_smote_auto_distribution_kept
KNNWithZScore,pearson,als,False,10,0.5805917783529576,0.2862302653964367,0.3370868130910498,0.6594671201814059,0.6381868792583077,78.71287128712872,upsampled_df_smote_auto_distribution_kept
KNNWithZScore,pearson_baseline,sgd,True,5,0.5400414052482099,0.24891299740577547,0.2916447193824613,0.6524659863945578,0.6075133219733517,81.43564356435643,upsampled_df_smote_auto_distribution_kept
KNNWithZScore,pearson_baseline,sgd,True,10,0.5378703993418729,0.26890320410650687,0.2893045664881858,0.696594982078853,0.6848414466428789,79.95049504950495,upsampled_df_smote_auto_distribution_kept
KNNWithZScore,pearson_baseline,als,True,5,0.5808860398041908,0.30385670916077867,0.337428591239396,0.7298844537815126,0.7186998663101605,80.19801980198021,upsampled_df_smote_auto_distribution_kept
KNNWithZScore,pearson_baseline,als,True,10,0.584507294518463,0.30301279896084515,0.3416487773452932,0.70359477124183,0.6894938791024431,78.96039603960396,upsampled_df_smote_auto_distribution_kept
KNNWithZScore,pearson_baseline,sgd,False,5,0.5172039339987805,0.262216640699644,0.2674999093438149,0.6792968749999999,0.6480348540725579,80.94059405940595,upsampled_df_smote_auto_distribution_kept
KNNWithZScore,pearson_baseline,sgd,False,10,0.5423938415470979,0.27576990805049784,0.2941910793482183,0.657163382594417,0.6623936408419167,79.70297029702971,upsampled_df_smote_auto_distribution_kept
KNNWithZScore,pearson_baseline,als,False,5,0.551186935528872,0.2728643716524265,0.30380703789770885,0.6709862086911266,0.660837454049782,77.97029702970298,upsampled_df_smote_auto_distribution_kept
KNNWithZScore,pearson_baseline,als,False,10,0.5037212883213354,0.25715559085721673,0.25373513630810596,0.6276119402985074,0.6007659473464618,78.96039603960396,upsampled_df_smote_auto_distribution_kept
KNNBasic,cosine,sgd,True,5,0.6548922358860593,0.34189136417884397,0.4288838406238418,0.40609756097560973,0.3410375532326752,74.01574803149606,df_oversamling
KNNBasic,cosine,sgd,True,10,0.6669833157896972,0.3633579240168494,0.44486674354181893,0.30586080586080583,0.2610413396127682,70.60367454068242,df_oversamling
KNNBasic,cosine,als,True,5,0.6294716506944682,0.302420148700138,0.39623455902801863,0.3134920634920635,0.24373603109505365,76.11548556430446,df_oversamling
KNNBasic,cosine,als,True,10,0.5898090652920569,0.32005692243457023,0.34787473350068987,0.3242105263157895,0.2792691957165641,73.22834645669292,df_oversamling
KNNBasic,cosine,sgd,False,5,0.6663824367893206,0.369990453755166,0.44406555206127296,0.3353658536585366,0.27375333267502716,67.97900262467192,df_oversamling
KNNBasic,cosine,sgd,False,10,0.6948546603843331,0.3585973050447282,0.48282299905782683,0.3404255319148936,0.2990119661662215,72.70341207349081,df_oversamling
KNNBasic,cosine,als,False,5,0.6070148521053474,0.2888850367969089,0.36846703067647685,0.3351063829787234,0.264082105837425,77.16535433070865,df_oversamling
KNNBasic,cosine,als,False,10,0.6856403924473862,0.37007923208670235,0.4701027477554058,0.2799145299145299,0.20929430047077105,70.07874015748031,df_oversamling
KNNBasic,msd,sgd,True,5,0.6622535043297952,0.35578864982954095,0.43857970399709406,0.38703140830800403,0.3250886524822695,70.34120734908137,df_oversamling
KNNBasic,msd,sgd,True,10,0.6203537007827127,0.3298264040075333,0.38483871407480735,0.36666666666666664,0.3015632515632516,71.39107611548556,df_oversamling
KNNBasic,msd,als,True,5,0.6272770640122588,0.3413150912527203,0.3934765150358394,0.3157181571815718,0.2547579453067258,71.12860892388451,df_oversamling
KNNBasic,msd,als,True,10,0.6720949361844766,0.3550533854355685,0.45171160324481563,0.3554421768707483,0.29547644815501956,71.12860892388451,df_oversamling
KNNBasic,msd,sgd,False,5,0.6694411010389231,0.34451103770311287,0.44815138776020563,0.3144886363636364,0.25529678654678656,72.96587926509186,df_oversamling
KNNBasic,msd,sgd,False,10,0.607208849936787,0.31646329322925076,0.3687025874415556,0.4098039215686275,0.33039045921398863,74.2782152230971,df_oversamling
KNNBasic,msd,als,False,5,0.6917577235302382,0.3661020000188943,0.4785287480637376,0.38823529411764707,0.31182327476445126,73.49081364829397,df_oversamling
KNNBasic,msd,als,False,10,0.6751303992497798,0.36157432480038226,0.45580105599116705,0.28888888888888886,0.2391500474833808,70.34120734908137,df_oversamling
KNNBasic,pearson,sgd,True,5,0.6721843463364817,0.3468444225082525,0.4518317954598032,0.3236434108527132,0.2796511627906977,72.44094488188976,df_oversamling
KNNBasic,pearson,sgd,True,10,0.6929870821204391,0.37356752218944883,0.48023109598580027,0.36046511627906974,0.3112126245847176,70.34120734908137,df_oversamling
KNNBasic,pearson,als,True,5,0.6869308308805147,0.35884735497355685,0.47187396641419416,0.32234432234432236,0.2773252388637004,71.65354330708661,df_oversamling
KNNBasic,pearson,als,True,10,0.6583912374512935,0.3472660897132467,0.43347902155264556,0.3591269841269841,0.28721655328798185,70.86614173228347,df_oversamling
KNNBasic,pearson,sgd,False,5,0.7273073089852983,0.4007886071955645,0.5289759217034362,0.30123456790123454,0.22160148009821215,69.02887139107612,df_oversamling
KNNBasic,pearson,sgd,False,10,0.5942928805326989,0.313171237298441,0.3531840278518527,0.3678571428571428,0.2969726701869559,72.70341207349081,df_oversamling
KNNBasic,pearson,als,False,5,0.6618985849848499,0.3531298813490816,0.4381097368049466,0.3261904761904762,0.2695451135569288,71.65354330708661,df_oversamling
KNNBasic,pearson,als,False,10,0.649322082324941,0.35095037733805245,0.42161916659479753,0.33095238095238094,0.24383116883116882,69.81627296587926,df_oversamling
KNNBasic,pearson_baseline,sgd,True,5,0.6484965347645358,0.3365397447467729,0.42054775560161084,0.3470169677066229,0.30368492224476,72.96587926509186,df_oversamling
KNNBasic,pearson_baseline,sgd,True,10,0.6550251999375379,0.3657189507518436,0.4290580125532115,0.3709677419354839,0.3042537053922253,68.76640419947506,df_oversamling
KNNBasic,pearson_baseline,als,True,5,0.7367055285270844,0.397990762967096,0.5427350357623707,0.3503787878787879,0.2792621594092182,69.02887139107612,df_oversamling
KNNBasic,pearson_baseline,als,True,10,0.6428006099814851,0.3510502576562364,0.4131926241925694,0.3102918586789555,0.2385481155642446,71.39107611548556,df_oversamling
KNNBasic,pearson_baseline,sgd,False,5,0.6741144831042697,0.37027864902593643,0.45443033633093677,0.29545454545454547,0.24222582972582973,69.5538057742782,df_oversamling
KNNBasic,pearson_baseline,sgd,False,10,0.7240192750311426,0.40488569600033025,0.5242039106166213,0.24736842105263157,0.19711779448621553,68.50393700787401,df_oversamling
KNNBasic,pearson_baseline,als,False,5,0.6525149889922004,0.3629501742171055,0.42577581085949145,0.3081395348837209,0.25257936507936507,69.02887139107612,df_oversamling
KNNBasic,pearson_baseline,als,False,10,0.7281773093400207,0.3923930111273881,0.5302421938376721,0.2957818930041153,0.24216236438458663,70.07874015748031,df_oversamling
KNNWithMeans,cosine,sgd,True,5,0.6938660015141577,0.3479640010243549,0.4814500280572451,0.3655303030303031,0.3133092286501377,72.44094488188976,df_oversamling
KNNWithMeans,cosine,sgd,True,10,0.6082249674186004,0.28358964993156016,0.3699376109913575,0.35294117647058826,0.30126430662762843,79.26509186351706,df_oversamling
KNNWithMeans,cosine,als,True,5,0.6733480626870771,0.3536312025512155,0.4533976135244399,0.34055555555555556,0.2966693899782135,71.91601049868767,df_oversamling
KNNWithMeans,cosine,als,True,10,0.7411415637030938,0.3869673908819797,0.5492908174482671,0.33064516129032256,0.27922629153528983,71.39107611548556,df_oversamling
KNNWithMeans,cosine,sgd,False,5,0.6292208271565338,0.33267302648817093,0.3959188493275526,0.33943833943833945,0.281859410430839,71.91601049868767,df_oversamling
KNNWithMeans,cosine,sgd,False,10,0.6776515574116813,0.37987294490124024,0.45921163326247716,0.35603087388801674,0.2907116692830979,68.76640419947506,df_oversamling
KNNWithMeans,cosine,als,False,5,0.7781263301321839,0.41535214428699546,0.6054805856449805,0.3044117647058823,0.24352941176470588,69.02887139107612,df_oversamling
KNNWithMeans,cosine,als,False,10,0.6226344805967803,0.30958038278730776,0.3876736964280224,0.39634146341463417,0.3472208008793375,74.01574803149606,df_oversamling
KNNWithMeans,msd,sgd,True,5,0.6578091409467953,0.33786010783195325,0.4327128659131609,0.3602150537634409,0.288708066127421,71.91601049868767,df_oversamling
KNNWithMeans,msd,sgd,True,10,0.6379206619449256,0.3053127393956433,0.406942770936252,0.33739837398373984,0.2881874948636224,77.16535433070865,df_oversamling
KNNWithMeans,msd,als,True,5,0.6821305912557551,0.3779485505963,0.46530214352692617,0.3255892255892256,0.28096440596440597,69.5538057742782,df_oversamling
KNNWithMeans,msd,als,True,10,0.6421526449921617,0.3336820283536358,0.41236001947042933,0.34574468085106386,0.30877659574468086,73.49081364829397,df_oversamling
KNNWithMeans,msd,sgd,False,5,0.6559676433995277,0.3480988723448647,0.43029354918713,0.33248677248677244,0.2905936193436193,71.12860892388451,df_oversamling
KNNWithMeans,msd,sgd,False,10,0.5873699851090399,0.28279267585806267,0.34500349940699376,0.3232558139534884,0.28993738819320214,76.37795275590551,df_oversamling
KNNWithMeans,msd,als,False,5,0.6722478124167824,0.3385425383497414,0.4519171212991495,0.3514056224899598,0.31337812550511646,72.96587926509186,df_oversamling
KNNWithMeans,msd,als,False,10,0.6116561178748042,0.31315624493128685,0.3741232065336764,0.36230158730158735,0.28435185185185186,74.01574803149606,df_oversamling
KNNWithMeans,pearson,sgd,True,5,0.7591657187793925,0.39652885498537166,0.5763325885698317,0.32235294117647056,0.24584881320949437,71.12860892388451,df_oversamling
KNNWithMeans,pearson,sgd,True,10,0.6237523517543039,0.3044511462772571,0.3890669963190248,0.4052197802197802,0.35337579087579085,74.2782152230971,df_oversamling
KNNWithMeans,pearson,als,True,5,0.6256222890460734,0.31523442002995355,0.3914032485512486,0.3723544973544974,0.3261826953003424,74.80314960629921,df_oversamling
KNNWithMeans,pearson,als,True,10,0.6266556162187757,0.3020537536695753,0.3926972613385336,0.3702107279693487,0.31869433248743595,75.06561679790026,df_oversamling
KNNWithMeans,pearson,sgd,False,5,0.7756540283657004,0.39063899432277066,0.6016391717199389,0.3566308243727599,0.2940805908547844,72.17847769028872,df_oversamling
KNNWithMeans,pearson,sgd,False,10,0.5976289828863207,0.28717049964658226,0.3571604011857382,0.32839506172839505,0.2723707416689873,76.9028871391076,df_oversamling
KNNWithMeans,pearson,als,False,5,0.633979468014897,0.3497485076984801,0.4019299658644519,0.35775335775335776,0.29538722371539705,68.24146981627297,df_oversamling
KNNWithMeans,pearson,als,False,10,0.5079757312883025,0.2508657742006149,0.25803934357788577,0.3767361111111111,0.3538607226107226,77.69028871391076,df_oversamling
KNNWithMeans,pearson_baseline,sgd,True,5,0.6172718573267246,0.32225589997799586,0.38102454584758433,0.29086879432624113,0.2610855899419729,72.17847769028872,df_oversamling
KNNWithMeans,pearson_baseline,sgd,True,10,0.6600079604550555,0.3403175368101246,0.43561050786404204,0.33695652173913043,0.2902518978605935,72.44094488188976,df_oversamling
KNNWithMeans,pearson_baseline,als,True,5,0.6694080547341743,0.34583034792894907,0.44810714374299127,0.38039215686274513,0.33629821159232925,72.44094488188976,df_oversamling
KNNWithMeans,pearson_baseline,als,True,10,0.6540399397171239,0.3488988058390059,0.42776824274517905,0.3046875,0.27565620143745145,70.07874015748031,df_oversamling
KNNWithMeans,pearson_baseline,sgd,False,5,0.6536594224981567,0.35325206537257475,0.42727064062062364,0.30921855921855923,0.2684720041862899,70.86614173228347,df_oversamling
KNNWithMeans,pearson_baseline,sgd,False,10,0.6229290036312195,0.3020581308765211,0.3880405435649839,0.29764705882352943,0.2601867413632119,74.80314960629921,df_oversamling
KNNWithMeans,pearson_baseline,als,False,5,0.5581899756889539,0.27863121677376895,0.3115760489596349,0.37037037037037035,0.327147441065257,76.37795275590551,df_oversamling
KNNWithMeans,pearson_baseline,als,False,10,0.6589328855794206,0.34920126737636054,0.43419254769802185,0.3735119047619048,0.3140639589169001,71.65354330708661,df_oversamling
KNNWithZScore,cosine,sgd,True,5,0.7263773721338715,0.3873700535456666,0.5276240867481089,0.3121008939974457,0.2748715111798276,70.07874015748031,df_oversamling
KNNWithZScore,cosine,sgd,True,10,0.6669138788127632,0.3318598689489503,0.44477412175308495,0.3270011947431302,0.27210316565155274,73.22834645669292,df_oversamling
KNNWithZScore,cosine,als,True,5,0.6259390804811652,0.32952513425753094,0.39179973247360667,0.327445652173913,0.28243218134522485,73.22834645669292,df_oversamling
KNNWithZScore,cosine,als,True,10,0.6312985259676333,0.314730699962538,0.39853782888890654,0.3707865168539326,0.31680711610486895,74.80314960629921,df_oversamling
KNNWithZScore,cosine,sgd,False,5,0.6819451294909391,0.37213878898357067,0.4650491596364137,0.30079365079365084,0.23516698346005066,70.34120734908137,df_oversamling
KNNWithZScore,cosine,sgd,False,10,0.6510721384505862,0.3307282834441884,0.42389492946661933,0.3111111111111111,0.262382330930718,73.49081364829397,df_oversamling
KNNWithZScore,cosine,als,False,5,0.6948917147047331,0.3823992551125181,0.4828744951652842,0.3053370786516854,0.25301906271007396,68.76640419947506,df_oversamling
KNNWithZScore,cosine,als,False,10,0.5791031736760109,0.30151404086245515,0.33536048576162814,0.36054421768707484,0.3194813639741611,74.54068241469817,df_oversamling
KNNWithZScore,msd,sgd,True,5,0.6104788013547149,0.30284838450622437,0.3726843669034895,0.4152777777777778,0.3769753086419753,74.01574803149606,df_oversamling
KNNWithZScore,msd,sgd,True,10,0.5336825877699659,0.270153792414387,0.2848171044888474,0.40108401084010836,0.3263378897525239,76.37795275590551,df_oversamling
KNNWithZScore,msd,als,True,5,0.66053309165855,0.33338049888750637,0.4363039651760024,0.3510416666666667,0.32163220551378446,72.17847769028872,df_oversamling
KNNWithZScore,msd,als,True,10,0.6755062285717764,0.3529335992564074,0.4563086648392651,0.38421052631578945,0.3349920255183413,71.39107611548556,df_oversamling
KNNWithZScore,msd,sgd,False,5,0.5457500801846263,0.2703857955681367,0.2978431500215261,0.3275862068965517,0.2777925139994106,76.37795275590551,df_oversamling
KNNWithZScore,msd,sgd,False,10,0.7468105314829011,0.401885735997306,0.5577259699337732,0.30980392156862746,0.2394272445820433,67.97900262467192,df_oversamling
KNNWithZScore,msd,als,False,5,0.6093187126200954,0.3005574908978982,0.3712692935490104,0.35,0.3048877973877974,75.32808398950131,df_oversamling
KNNWithZScore,msd,als,False,10,0.6912698372805973,0.35357208892262276,0.47785398793394357,0.34259259259259256,0.2906539351851852,72.17847769028872,df_oversamling
KNNWithZScore,pearson,sgd,True,5,0.7115940754197556,0.3504343324986139,0.5063661281724968,0.32575757575757575,0.28089969241285034,73.22834645669292,df_oversamling
KNNWithZScore,pearson,sgd,True,10,0.743505728974961,0.4029069436948508,0.5528007690185882,0.3576086956521739,0.30850958093521025,69.02887139107612,df_oversamling
KNNWithZScore,pearson,als,True,5,0.6658685463711269,0.3555622383517934,0.4433809210463976,0.3392156862745098,0.2838935574229692,71.91601049868767,df_oversamling
KNNWithZScore,pearson,als,True,10,0.5933293210011592,0.2997323632975589,0.3520396831596966,0.32745098039215687,0.26678086619263086,74.54068241469817,df_oversamling
KNNWithZScore,pearson,sgd,False,5,0.6759837730141531,0.36968575377858753,0.4569540613784501,0.36082474226804123,0.29836769759450166,68.76640419947506,df_oversamling
KNNWithZScore,pearson,sgd,False,10,0.7713103029645886,0.3998293898945318,0.5949195834593254,0.3633720930232558,0.29893410852713176,70.60367454068242,df_oversamling
KNNWithZScore,pearson,als,False,5,0.6286223687979435,0.3174650591108911,0.3951660825531378,0.3352713178294574,0.2689823096799841,74.01574803149606,df_oversamling
KNNWithZScore,pearson,als,False,10,0.6777638048889209,0.367398976749782,0.4593637752175071,0.3697674418604651,0.30620155038759694,69.5538057742782,df_oversamling
KNNWithZScore,pearson_baseline,sgd,True,5,0.7196353458787129,0.3862692499320627,0.5178750310379747,0.37092592592592594,0.3069716775599129,70.86614173228347,df_oversamling
KNNWithZScore,pearson_baseline,sgd,True,10,0.7477718526164191,0.39685460196123595,0.5591627435653916,0.3808988764044944,0.30476327667338904,69.81627296587926,df_oversamling
KNNWithZScore,pearson_baseline,als,True,5,0.6916440948699556,0.36381864597433833,0.4783715539684802,0.3516483516483517,0.3073530356812091,71.65354330708661,df_oversamling
KNNWithZScore,pearson_baseline,als,True,10,0.6352164135923059,0.3200811142089771,0.40349989209707143,0.33707865168539325,0.2716916354556804,73.22834645669292,df_oversamling
KNNWithZScore,pearson_baseline,sgd,False,5,0.6413924712272795,0.32289204038394576,0.41138430214703653,0.32857142857142857,0.27570764270584297,74.2782152230971,df_oversamling
KNNWithZScore,pearson_baseline,sgd,False,10,0.6267235029531709,0.3317833424490441,0.3927823491538932,0.2921195652173913,0.2427802642796249,71.12860892388451,df_oversamling
KNNWithZScore,pearson_baseline,als,False,5,0.5780548594904131,0.2931159674775349,0.33414742058048125,0.34177215189873417,0.28888252477232373,74.01574803149606,df_oversamling
KNNWithZScore,pearson_baseline,als,False,10,0.674580179043128,0.34855581393815155,0.45505841795785856,0.35888888888888887,0.29903217697335344,72.96587926509186,df_oversamling
KNNBasic,cosine,sgd,True,5,0.9973595357377105,0.8239943197512838,0.9947260435269415,0.534861407249467,0.6343283582089553,31.932773109243694,downsampled_df_random
KNNBasic,cosine,sgd,True,10,0.9394449632008826,0.7674649581202777,0.8825568388835077,0.6186666666666667,0.6933333333333334,41.17647058823529,downsampled_df_random
KNNBasic,cosine,als,True,5,0.986114582176964,0.7933627280547151,0.9724219691820484,0.678500355366027,0.7761194029850746,41.17647058823529,downsampled_df_random
KNNBasic,cosine,als,True,10,0.9410341829000786,0.7904756390745278,0.8855453333864186,0.6659451659451658,0.7727272727272727,36.134453781512605,downsampled_df_random
KNNBasic,cosine,sgd,False,5,0.9860543115088811,0.8284496123136842,0.9723031052452537,0.5776830135039089,0.6865671641791045,31.092436974789916,downsampled_df_random
KNNBasic,cosine,sgd,False,10,1.0421445818100825,0.8381158053994759,1.0860653293961118,0.6206666666666666,0.68,36.97478991596639,downsampled_df_random
KNNBasic,cosine,als,False,5,1.0362249582319243,0.8342820592804052,1.073762164062753,0.6314553990610328,0.6957746478873239,39.49579831932773,downsampled_df_random
KNNBasic,cosine,als,False,10,0.926455248639184,0.7714285714285714,0.8583193277310924,0.7051069703243616,0.751207729468599,41.17647058823529,downsampled_df_random
KNNBasic,msd,sgd,True,5,0.9545596704836808,0.7606746920808443,0.9111841645139133,0.6420000000000001,0.7,42.016806722689076,downsampled_df_random
KNNBasic,msd,sgd,True,10,0.9598868585605365,0.7594015704035821,0.9213827812372153,0.6442857142857144,0.7333333333333334,42.857142857142854,downsampled_df_random
KNNBasic,msd,als,True,5,0.9032827232145224,0.7778402699662541,0.8159196780578435,0.5718315018315018,0.6666666666666667,32.773109243697476,downsampled_df_random
KNNBasic,msd,als,True,10,0.8871248884963211,0.7126723883958701,0.7869905677896102,0.6288095238095238,0.6880952380952381,43.69747899159664,downsampled_df_random
KNNBasic,msd,sgd,False,5,0.9054776114876943,0.7550784093164825,0.81988970490546,0.6765625,0.765625,42.016806722689076,downsampled_df_random
KNNBasic,msd,sgd,False,10,0.9090884482889239,0.7257346108590645,0.8264418068123635,0.6047619047619047,0.6857142857142857,45.378151260504204,downsampled_df_random
KNNBasic,msd,als,False,5,0.8959395659816103,0.738644276608281,0.8027077058913161,0.5820512820512821,0.676923076923077,39.49579831932773,downsampled_df_random
KNNBasic,msd,als,False,10,0.9524014445005065,0.7823877588955668,0.9070685114866514,0.6164102564102565,0.7,37.81512605042017,downsampled_df_random
KNNBasic,pearson,sgd,True,5,1.0207598444368615,0.7954696839365668,1.0419506600147657,0.6290441176470588,0.6801470588235294,41.17647058823529,downsampled_df_random
KNNBasic,pearson,sgd,True,10,0.9824238361184103,0.8192014099841799,0.9651565937736132,0.676056338028169,0.7464788732394366,36.134453781512605,downsampled_df_random
KNNBasic,pearson,als,True,5,0.9832090582078061,0.7814020050562731,0.966700052141881,0.63,0.7128205128205128,41.17647058823529,downsampled_df_random
KNNBasic,pearson,als,True,10,1.0329128572664732,0.8297177242522845,1.0669089707063895,0.6802222222222222,0.76,42.016806722689076,downsampled_df_random
KNNBasic,pearson,sgd,False,5,0.8990571216982398,0.7172729879353317,0.8083037080763237,0.5789954337899543,0.6438356164383562,43.69747899159664,downsampled_df_random
KNNBasic,pearson,sgd,False,10,0.9869498506562602,0.808003941734174,0.9740700077104142,0.6745370370370369,0.75,39.49579831932773,downsampled_df_random
KNNBasic,pearson,als,False,5,0.904460347237836,0.7521881744890838,0.8180485197255869,0.6524844720496894,0.7536231884057971,40.33613445378151,downsampled_df_random
KNNBasic,pearson,als,False,10,0.8812221462915183,0.7483260814762441,0.7765524711146301,0.6761904761904762,0.7428571428571429,42.016806722689076,downsampled_df_random
KNNBasic,pearson_baseline,sgd,True,5,0.9292996882663364,0.7628798555086693,0.8635979106119099,0.6521303258145362,0.7368421052631579,41.17647058823529,downsampled_df_random
KNNBasic,pearson_baseline,sgd,True,10,0.9999245529139399,0.7682242745426239,0.9998491115201426,0.6664835164835164,0.7410256410256411,43.69747899159664,downsampled_df_random
KNNBasic,pearson_baseline,als,True,5,1.044155506975649,0.8369912545761501,1.0902607227475747,0.6309689153439153,0.6805555555555556,36.134453781512605,downsampled_df_random
KNNBasic,pearson_baseline,als,True,10,0.9501873774476981,0.7874188866670505,0.9028560522609343,0.6006944444444444,0.6638888888888889,38.655462184873954,downsampled_df_random
KNNBasic,pearson_baseline,sgd,False,5,0.9525228803281626,0.7390277469943981,0.9072998375486591,0.6223809523809524,0.6928571428571428,45.378151260504204,downsampled_df_random
KNNBasic,pearson_baseline,sgd,False,10,0.8751379865948437,0.7385709355534712,0.7658664955812767,0.6617647058823528,0.7450980392156863,42.016806722689076,downsampled_df_random
KNNBasic,pearson_baseline,als,False,5,0.9370259049611745,0.7660894909893632,0.8780175465683082,0.6262260127931769,0.6940298507462687,42.016806722689076,downsampled_df_random
KNNBasic,pearson_baseline,als,False,10,1.0066165178852455,0.8158790397879584,1.0132768140794168,0.6918597168597169,0.768018018018018,40.33613445378151,downsampled_df_random
KNNWithMeans,cosine,sgd,True,5,0.8834518783998735,0.7237838176739376,0.7804872214482648,0.6086580086580087,0.6666666666666667,43.69747899159664,downsampled_df_random
KNNWithMeans,cosine,sgd,True,10,0.9363193197024617,0.7743045561540675,0.8766938684480808,0.6192488262910798,0.704225352112676,42.016806722689076,downsampled_df_random
KNNWithMeans,cosine,als,True,5,1.009854194107074,0.8233427641395716,1.019805493355648,0.5556338028169014,0.6408450704225352,33.61344537815126,downsampled_df_random
KNNWithMeans,cosine,als,True,10,0.8986071288382107,0.7288587370458249,0.8074947719988527,0.7098684210526316,0.7631578947368421,45.378151260504204,downsampled_df_random
KNNWithMeans,cosine,sgd,False,5,1.0408505535348174,0.8309181717065146,1.083369874793736,0.5910282953761214,0.6485507246376812,39.49579831932773,downsampled_df_random
KNNWithMeans,cosine,sgd,False,10,0.9159202617024861,0.7722238249947958,0.8389099257971505,0.6633802816901408,0.7394366197183099,40.33613445378151,downsampled_df_random
KNNWithMeans,cosine,als,False,5,0.867096353345318,0.7165651081405948,0.7518560859847485,0.6848290598290598,0.75,45.378151260504204,downsampled_df_random
KNNWithMeans,cosine,als,False,10,0.9805075911634447,0.7732030285270873,0.9613951363291406,0.6539039039039038,0.6925675675675675,36.97478991596639,downsampled_df_random
KNNWithMeans,msd,sgd,True,5,0.9597350874146043,0.7650542098289278,0.9210914380147182,0.6333333333333334,0.6904761904761905,46.21848739495798,downsampled_df_random
KNNWithMeans,msd,sgd,True,10,0.9539403136066726,0.777316761373078,0.910002121923997,0.5470319634703197,0.589041095890411,37.81512605042017,downsampled_df_random
KNNWithMeans,msd,als,True,5,1.0092102005317494,0.8066384167234429,1.018505228857334,0.575900900900901,0.6283783783783784,36.134453781512605,downsampled_df_random
KNNWithMeans,msd,als,True,10,1.002537522687887,0.8021261066603789,1.0050814843971654,0.7370370370370369,0.7986111111111112,43.69747899159664,downsampled_df_random
KNNWithMeans,msd,sgd,False,5,0.9310905815194522,0.7435100158405482,0.8669296709942317,0.6764285714285715,0.7619047619047619,42.016806722689076,downsampled_df_random
KNNWithMeans,msd,sgd,False,10,0.9608906281463521,0.7546042837159285,0.923310799259491,0.6946620583717359,0.7768817204301075,43.69747899159664,downsampled_df_random
KNNWithMeans,msd,als,False,5,0.9976177555033762,0.7759175908222699,0.9952411860955941,0.6549295774647887,0.7577464788732394,45.378151260504204,downsampled_df_random
KNNWithMeans,msd,als,False,10,1.0094752899594268,0.8271890980205016,1.019040361038669,0.6219954648526077,0.6838624338624338,35.294117647058826,downsampled_df_random
KNNWithMeans,pearson,sgd,True,5,0.9330831051904369,0.7706799383175021,0.870644081191828,0.6531111111111111,0.7422222222222223,40.33613445378151,downsampled_df_random
KNNWithMeans,pearson,sgd,True,10,0.9363790665205647,0.7678356947646632,0.8768057562179241,0.65,0.7205882352941176,40.33613445378151,downsampled_df_random
KNNWithMeans,pearson,als,True,5,0.833937251089622,0.6733698831290114,0.6954513387549153,0.6855721393034826,0.7786069651741293,45.378151260504204,downsampled_df_random
KNNWithMeans,pearson,als,True,10,1.0261383537063968,0.8454164016342104,1.0529599209472744,0.6116666666666667,0.6428571428571429,36.97478991596639,downsampled_df_random
KNNWithMeans,pearson,sgd,False,5,1.0038039009666972,0.8238061992412553,1.0076222715959589,0.6287671232876713,0.7123287671232876,36.134453781512605,downsampled_df_random
KNNWithMeans,pearson,sgd,False,10,1.0330918825866728,0.8166360023626946,1.067278837866476,0.6272321428571428,0.7213541666666667,40.33613445378151,downsampled_df_random
KNNWithMeans,pearson,als,False,5,0.9543130463205851,0.7659225608640019,0.9107133903776753,0.5998223169864961,0.6417910447761194,42.016806722689076,downsampled_df_random
KNNWithMeans,pearson,als,False,10,1.0136445053294643,0.8081879237297355,1.0274751831846145,0.678153153153153,0.7364864864864865,48.739495798319325,downsampled_df_random
KNNWithMeans,pearson_baseline,sgd,True,5,1.0053734152843217,0.799854952580669,1.010775704160461,0.5838709677419355,0.6545698924731183,39.49579831932773,downsampled_df_random
KNNWithMeans,pearson_baseline,sgd,True,10,0.9266134159374536,0.7699780030478247,0.8586124225952764,0.6404761904761905,0.7064676616915422,42.857142857142854,downsampled_df_random
KNNWithMeans,pearson_baseline,als,True,5,0.9706536596209197,0.7705006008587844,0.9421685269354841,0.629951690821256,0.6980676328502415,42.016806722689076,downsampled_df_random
KNNWithMeans,pearson_baseline,als,True,10,0.8782006622673767,0.7389161464903333,0.771236403206859,0.6636574074074074,0.7152777777777778,42.016806722689076,downsampled_df_random
KNNWithMeans,pearson_baseline,sgd,False,5,1.0106913881138637,0.855392168505399,1.0214970820075289,0.6906392694063928,0.7043378995433791,35.294117647058826,downsampled_df_random
KNNWithMeans,pearson_baseline,sgd,False,10,0.9827878077255499,0.8018784462568067,0.9658718750139924,0.6379385964912281,0.7160087719298245,38.655462184873954,downsampled_df_random
KNNWithMeans,pearson_baseline,als,False,5,0.9826157557897313,0.7809711264543824,0.9655337235262248,0.6166666666666666,0.7009803921568627,39.49579831932773,downsampled_df_random
KNNWithMeans,pearson_baseline,als,False,10,0.9434551460438755,0.7625362546098394,0.8901076125966705,0.6486559139784946,0.7129032258064517,42.857142857142854,downsampled_df_random
KNNWithZScore,cosine,sgd,True,5,0.8795462787729524,0.7277143940188243,0.7736016565033482,0.6128019323671497,0.6702898550724637,41.17647058823529,downsampled_df_random
KNNWithZScore,cosine,sgd,True,10,0.8800135035677313,0.7202237570725645,0.7744237664615534,0.6339369550637156,0.7183098591549296,40.33613445378151,downsampled_df_random
KNNWithZScore,cosine,als,True,5,0.8908288177233366,0.730560811357801,0.7935759824863575,0.556063492063492,0.6266666666666667,41.17647058823529,downsampled_df_random
KNNWithZScore,cosine,als,True,10,0.9832451834703965,0.8039455046477632,0.9667710908177336,0.6247097844112769,0.7014925373134329,38.655462184873954,downsampled_df_random
KNNWithZScore,cosine,sgd,False,5,0.9239431505905579,0.7230647228787938,0.8536709455232062,0.6169154228855722,0.6791044776119403,44.537815126050425,downsampled_df_random
KNNWithZScore,cosine,sgd,False,10,0.9396965542720633,0.783856812938857,0.8830296141107888,0.6415458937198067,0.7217391304347825,39.49579831932773,downsampled_df_random
KNNWithZScore,cosine,als,False,5,0.8993947892835645,0.7353819488960656,0.8089109869904274,0.5988095238095238,0.6580952380952381,41.17647058823529,downsampled_df_random
KNNWithZScore,cosine,als,False,10,0.9323688718251544,0.773005737224162,0.8693117131485111,0.6702741702741704,0.7348484848484849,42.016806722689076,downsampled_df_random
KNNWithZScore,msd,sgd,True,5,0.975144665155645,0.7779278129175834,0.9509071179815151,0.6474867724867726,0.7430555555555556,41.17647058823529,downsampled_df_random
KNNWithZScore,msd,sgd,True,10,0.901427368062961,0.6975216447606929,0.812571299892917,0.6851111111111111,0.7177777777777778,49.57983193277311,downsampled_df_random
KNNWithZScore,msd,als,True,5,0.8629448787214021,0.7284009705762593,0.7446738637114955,0.6463423050379572,0.7318840579710145,43.69747899159664,downsampled_df_random
KNNWithZScore,msd,als,True,10,0.8426007087439898,0.7081950541193567,0.709975954375874,0.6367724867724868,0.7275132275132276,42.857142857142854,downsampled_df_random
KNNWithZScore,msd,sgd,False,5,1.0185931810548783,0.8188753271260227,1.0375320684914962,0.6522388059701493,0.6865671641791045,42.857142857142854,downsampled_df_random
KNNWithZScore,msd,sgd,False,10,0.9677063855793622,0.7839845243152364,0.9364556486910731,0.6215780998389694,0.6884057971014492,40.33613445378151,downsampled_df_random
KNNWithZScore,msd,als,False,5,0.8778170166401814,0.7017952273008964,0.7705627147030686,0.6428571428571429,0.7238095238095238,46.21848739495798,downsampled_df_random
KNNWithZScore,msd,als,False,10,1.0915164795861492,0.867849087319825,1.1914082252081402,0.6141534391534391,0.6904761904761905,39.49579831932773,downsampled_df_random
KNNWithZScore,pearson,sgd,True,5,0.8603202975968892,0.7134238601432612,0.7401510144572,0.6570175438596491,0.7390350877192983,46.21848739495798,downsampled_df_random
KNNWithZScore,pearson,sgd,True,10,1.0045810591269653,0.7851843096005251,1.0091831043566555,0.5762910798122066,0.6326291079812206,40.33613445378151,downsampled_df_random
KNNWithZScore,pearson,als,True,5,0.9273185074265706,0.7456119125879117,0.8599196142158427,0.6202380952380953,0.6761904761904762,43.69747899159664,downsampled_df_random
KNNWithZScore,pearson,als,True,10,0.8687054505661922,0.7124657490888828,0.7546491598434111,0.6228888888888889,0.6666666666666666,44.537815126050425,downsampled_df_random
KNNWithZScore,pearson,sgd,False,5,0.8993034318291533,0.7257878119995274,0.8087466624996926,0.7244897959183674,0.7727272727272727,50.42016806722689,downsampled_df_random
KNNWithZScore,pearson,sgd,False,10,0.8460976484638018,0.6827157385019017,0.715881230735975,0.6858276643990929,0.7142857142857143,48.739495798319325,downsampled_df_random
KNNWithZScore,pearson,als,False,5,0.991374060912428,0.8030651868775809,0.9828225286499984,0.6550245098039217,0.7127450980392157,40.33613445378151,downsampled_df_random
KNNWithZScore,pearson,als,False,10,0.9574599840224112,0.7867165856849943,0.9167296210041957,0.6415306122448979,0.7,39.49579831932773,downsampled_df_random
KNNWithZScore,pearson_baseline,sgd,True,5,0.8975515404971781,0.7342916044752218,0.8055987678488575,0.5946009389671363,0.676056338028169,38.655462184873954,downsampled_df_random
KNNWithZScore,pearson_baseline,sgd,True,10,1.048067043098752,0.8491253962224132,1.0984445268297613,0.6638497652582159,0.7558685446009389,36.97478991596639,downsampled_df_random
KNNWithZScore,pearson_baseline,als,True,5,0.9167432616462345,0.7274548382185926,0.8404182077737764,0.6241545893719807,0.6956521739130435,46.21848739495798,downsampled_df_random
KNNWithZScore,pearson_baseline,als,True,10,0.9442490796702276,0.7560613905171314,0.8916063244580719,0.6534391534391534,0.7380952380952381,42.857142857142854,downsampled_df_random
KNNWithZScore,pearson_baseline,sgd,False,5,1.0300872381229076,0.7963460012165502,1.0610797181436795,0.6076388888888888,0.6944444444444444,42.016806722689076,downsampled_df_random
KNNWithZScore,pearson_baseline,sgd,False,10,0.9410609238670202,0.7747028401985293,0.8855956624294495,0.6636986301369864,0.7054794520547946,42.857142857142854,downsampled_df_random
KNNWithZScore,pearson_baseline,als,False,5,0.8767563917666247,0.6994472398429924,0.7687017705036311,0.5995514147688061,0.6690821256038647,43.69747899159664,downsampled_df_random
KNNWithZScore,pearson_baseline,als,False,10,0.928202345097563,0.7335365582390992,0.8615595934446155,0.6575342465753424,0.7465753424657534,42.016806722689076,downsampled_df_random
